"","cv.sd.GLAMER","gic.GLAMER","cvg.DMRnet","gic.DMRnet","scope.32","scope.8","cv.glmnet","RF","cv.MCP","cv.MCP.g.8","cv.MCP.g.32","cv.grLasso"
"1",0.926207327976832,0.676079998440495,0.711275096582107,0.768902575570647,2.00662296110206,1.16228457710403,0.87895397358999,1.23978520720433,0.863849419704541,0.775778915900649,0.731313373475281,0.808711189439881
"2",1.07286821374922,0.671545453270706,0.690495454341354,0.751084257667599,2.83429148982022,1.07613088691137,0.668884603294731,1.13506075635806,0.644942361370147,0.689522411115707,0.725002734216325,0.560949503766067
"3",0.968612235489054,0.936545161782117,0.871246257586729,0.750974053297337,1.8874860668027,1.16035975425435,0.511323940991113,1.19067271975423,0.604452963020217,0.87171407672607,0.652315528999279,0.794005425599134
"4",0.6968436932364,0.558249084810269,0.869040229517017,0.874090548311182,2.07133864727917,1.04355982866552,0.791179069403645,1.09520976587405,0.656885294569817,0.76328613427261,0.668533111180495,0.7546118059319
"5",0.881015179399086,0.578705336131549,0.743856704701459,0.900372500571866,1.39631763195368,0.922242585801443,0.712606083413214,0.929510698929571,0.617234827268789,0.957498122165705,0.728043937535782,0.900135528684512
"6",1.02973408294734,0.833495650499021,0.741010790437534,0.712988343698644,2.47277701443981,1.23010964872401,0.735405011952968,0.984433252323457,0.744738252302062,0.882890828061955,0.724744434361748,0.946065333353398
"7",1.01843985302895,0.819751395031611,0.742032069988801,0.578916867560485,1.76975118967746,1.05707643306317,0.741371516864709,1.09254494748694,0.790313966678008,0.75924201903761,0.565305257501927,0.971114664473587
"8",0.839453998394347,0.782347278252107,0.72383716588913,0.794523428634221,2.27432004957957,1.18975481975043,0.643978319126122,1.13898576069644,0.624614165538482,0.603905562396734,0.730964213434114,0.487385354277524
"9",0.679217407721934,0.908357814369529,0.749189601264242,0.734616287165712,1.88089015112548,1.05219564241168,0.905550007265361,0.785259633342165,1.02915053642197,0.852462642770039,0.80222675500591,0.578461128086397
"10",0.771268450793104,0.828490819933471,0.807583327782313,0.676603448933653,1.83167237626752,1.24657409471969,0.779590632404078,1.1092578668865,0.889994690692369,0.792895742819154,0.793652487759392,0.682999358644463
"11",0.87695204052167,0.842581579306073,0.946863526157091,0.877282161050599,2.1916351477737,1.04017333813309,0.66734858355554,0.985325693788041,0.728921025423951,0.699543310964907,0.612234412359406,1.01381178828815
"12",0.974908533694448,0.570457947439884,0.642909183851803,0.783789425896153,1.98971483770572,1.18690745953931,0.652885537121854,1.07096022464001,0.722781294362736,0.654314073368618,0.764489667905996,0.606150035956406
"13",0.79170221705566,0.74969822901395,0.688886516855298,0.789480092396404,1.77699247205289,0.990568981844233,0.823067700392908,1.0976956450193,0.600190001005309,0.767624272081707,0.729905973816993,0.716032786128043
"14",0.762567726889694,0.58287763390243,0.658716992293386,0.874137050104026,2.51185804226824,0.830530275851129,0.763963644181726,0.790120871521484,0.639706945226471,0.872584472657386,0.711129472231076,0.665988639502715
"15",0.785826229206305,0.627283576851099,0.788530999025283,0.646461029658089,2.03213671800728,1.00667492850212,0.648466291151534,1.36710332521613,0.720011000415458,0.668525722989656,0.748378369242871,0.770850338878134
"16",0.893104555823364,0.723720702163092,0.876282461105038,0.865204875304788,1.92741028967013,0.981978556783253,0.704007188884668,0.939050195352878,0.820331149198847,0.81434645861107,0.789705988281442,0.901494581512271
"17",0.986822797111721,0.604553953334292,0.82952926163486,0.784153269645474,1.93117423575653,1.09741505915438,0.812066519451271,1.07280029266816,0.62244285616495,0.832677998255235,0.814781518766299,0.80372216678375
"18",0.922086550686566,0.949558916937291,0.783353028402618,0.717058944435125,2.16616225054118,1.02313788843482,0.583987718616783,1.25478618469968,0.71352816650598,0.90701421152941,0.7302328186757,0.816661086975326
"19",0.908539119778486,0.762320418556335,0.781548821058572,0.751212225223006,1.67089352402461,1.15447841919986,0.575184378298056,0.802898971050345,0.703100260244274,1.0427481971045,0.762852434915014,0.621015558943518
"20",0.78105478360266,0.58119733226446,0.660463124712028,0.774764878745579,1.08801856036542,0.927751763699282,1.0058712311165,1.30177034585885,0.891146824862001,0.638497516883873,0.758693816838523,0.848042305623648
"21",1.26466583610636,0.685016772393491,0.640855752858453,0.96221099216884,1.34498532271275,1.28300386894843,0.839157920362817,0.984761025777083,0.886403738863517,0.8597525868523,0.640138785347346,0.644862525473988
"22",0.683509822488536,0.747186396230709,0.800886505801808,0.57794928628417,1.74619200748652,0.955001872281763,0.808448893630709,1.05684883236201,0.719114831112592,0.810307955802428,0.755355062928926,1.05407304480185
"23",0.757394974898304,0.812867282096029,0.629454020157543,0.761500480249456,1.87927073493832,0.978224127858317,0.778770650202753,0.829653664764118,0.832882679665344,0.933719136391099,0.611467627973228,0.812915117786695
"24",0.988866297230957,0.922123772219297,0.880321944760221,0.81305782740342,1.15078439167592,1.07684857814169,0.633689663126243,0.940096142309475,0.667394453430604,0.667300349033821,0.797597925848449,0.672843430449927
"25",1.29465503340787,0.84487877211153,0.710735073298443,0.789679473735405,1.63744149955708,0.993850091410596,0.755611271223756,1.06664332537009,0.832057528778465,0.794408499357391,0.805812889330636,0.912198440000208
"26",1.95543226574632,0.755798268178881,0.780098582759805,0.601588873482494,2.05713652523638,1.09850337159059,0.857832914659994,1.06778647202855,0.779482134762672,0.667059346190905,0.742963119103346,0.582425168725419
"27",0.990431070206561,0.697279778946682,0.73880327861486,0.957751284394854,2.09672000895225,1.27375669705396,0.876782192658966,1.01473578892919,0.557147836404253,0.595983719133761,0.688793620922138,0.650140286214461
"28",0.979320176807015,0.64993274273023,0.851858125569501,0.889732984626102,1.42341788587104,1.035483717186,0.746630164909513,1.10027564225359,0.836832267111906,0.627138999194762,0.753564224680101,0.644978549100051
"29",0.894534579252089,0.824380197644347,0.630911369012887,0.814252132820259,2.14436760045326,1.08270490996056,0.79886430026519,0.944259701371089,0.668291266562851,0.888187597051888,0.845475662179421,0.703790773832392
"30",0.922077456186318,0.741792289900379,0.726016759610711,0.699708610549858,1.4816678817642,1.15511150093376,0.78714936804674,0.957578787542167,0.802334208805095,0.752722029683845,0.782636874345808,0.788629268917665
"31",0.734787369162031,0.645283446214434,0.742252941735659,0.764868257408347,2.20979032973892,1.14846166202124,0.562489160353921,0.896859229296198,0.503858930722114,0.743622376949338,0.488950918377713,0.756300071708004
"32",1.07317698559874,0.752017526851781,0.933631844763286,0.622410294443681,1.17921686727857,0.894515826257552,0.771947849102753,0.894211312148382,0.752364035708631,0.74340923036934,0.853405137674128,0.653580653153783
"33",0.806828819141996,0.705844403267801,0.631598811244507,0.661118941583747,1.63716145056042,1.42484021699008,0.91328985720064,0.962656271622339,0.540357298071566,0.785351613480555,0.55788720111716,1.04487084432021
"34",2.38686648197841,0.718858691040176,0.869459509510276,0.645692603018974,1.56921785946266,1.10423765618875,0.667199092807985,1.33029296969841,0.76297572182684,0.719792575536527,0.745537568057266,0.669052210001435
"35",1.0560746804058,0.753009158630714,0.829938557324263,0.744348160427065,1.61414025639223,0.851097850076114,0.675069846995873,1.10926366938275,1.05583696494346,0.471056710038014,0.787566485663732,0.802411585097444
"36",0.860134118856249,0.850808281883798,0.805425649382216,0.649661974654961,2.06793306981946,1.13609282358961,0.778451889180961,0.897621046680867,0.744350373017414,0.821189743010536,0.742338731923272,0.687985298232841
"37",1.07032015975347,0.685228816787859,0.677407136281618,0.872510054632431,1.59524824195959,1.08321161080549,0.5125593211763,0.975807034788789,0.886452045189017,0.734042128447869,0.785049780606945,0.795456435473128
"38",0.873871721440565,1.08949482305865,0.829526552953505,0.878596394199917,1.2123181798823,1.29607871884725,0.680850321437742,1.08794953187071,0.631670422098291,0.77352168601563,0.755890472978932,0.717068233166387
"39",0.724560369733047,0.596900265785877,0.957472598052497,0.815796945639461,0.941680617336765,1.20567496858972,0.790809392716591,1.05778673138618,0.986143673980479,0.672688734748924,0.720497720623576,0.666080364142676
"40",1.14169638021443,0.732204064463596,0.711272720114991,0.735004543416224,1.65825920423788,1.21165741443814,0.65487298409318,1.00389789758492,0.55601095192127,0.942478474812183,0.735742306330342,0.634924001409937
"41",0.665805086556379,0.756395500294325,0.712276652434987,0.724563062149173,2.13521663628046,1.08790118597583,0.9813595461108,1.13124563458355,0.730259360664515,0.794754085623431,0.884203303591244,0.639276656019169
"42",2.28546204047557,0.741402010325525,0.586704400410889,0.609401609274613,2.12489767702198,1.07209156429897,0.691750919035807,1.00871873114366,0.776155818792474,0.778273207671484,0.777519443125289,0.649467236902004
"43",0.99216409283294,0.970441345336074,0.837134058625629,0.798302560003401,2.04589384136418,1.19627677255232,0.899875553307116,1.03269211776384,0.920170872843823,0.797725573869221,0.836075714423977,0.892943580140698
"44",0.792109122116706,0.682445805370264,0.746954023035726,0.896389010917698,1.9842222828714,0.943503133797159,0.740083958505156,0.936033579493939,0.69166867520666,0.686213644623668,0.804459384654944,0.610090617380251
"45",0.847232724188688,0.826444571911519,0.625669486138351,0.683322913190284,2.44888835994906,0.95939290836204,0.72433972800948,0.919963773897045,0.661151289703234,0.692864868613513,0.871835255098559,0.85858279834614
"46",0.851792681552992,0.773265254919212,0.740402600395311,0.727841220577164,1.67916928944094,1.01927796129261,0.766183275715236,1.14693560801603,0.850709855674709,0.934071201410451,0.955589366639477,0.769396261902232
"47",1.12187877232855,0.823620610836039,0.790998459532665,0.899966436638197,1.19054833486667,1.25858395157898,0.767788481342538,1.05137862660625,0.633031902273356,0.61814570961863,0.502605627522752,0.642856468626123
"48",0.738527754245661,0.702283367430362,0.860407177791763,0.78383228205149,1.79377757071968,0.981258842633318,0.987194008852934,0.908485358887634,0.571053593474904,0.895659616509726,0.751137254431954,0.747407758241927
"49",0.950962585582552,0.792295893528486,0.749250281622512,0.683994478080176,1.12255313432663,1.02689805631054,0.898648380971108,1.06857285344284,0.659210247182387,0.827497704013859,0.87914478583925,0.698422245570152
"50",0.802123254934282,0.817938549132336,1.04693437413386,0.778146522419457,1.9445810648139,0.936367983605012,0.787325646316567,1.1625879950387,0.744339766149175,0.872929071408225,0.778967542703353,0.820795288499159
"51",0.923029043927853,0.640647864377203,0.653400682722614,0.604943364849935,2.06638703124058,0.914074768911208,0.730090980225981,0.838462785922665,0.742231268750703,0.701092377048421,0.67153195243739,0.669692210596423
"52",2.57391661397283,0.769700931321514,0.596402565234221,0.731469105298806,1.10709258148321,0.892604005379587,0.617350231558499,1.1682718077987,0.654717009529592,0.607722912001853,0.635802415004475,0.695330181981439
"53",2.31841492204919,0.828180852006946,0.718903948607074,0.589052086479273,1.52758362165308,1.65728421487446,0.880312063925685,0.961438232454109,0.718667817974401,0.884095468099868,0.671231361799202,0.762202789655191
"54",0.996362929167265,0.863017654400655,0.687419251689577,0.801264924058449,1.01609744445808,1.07982957980902,0.746498500320004,0.913450237402679,0.71869084689331,0.589193392274858,0.580241859454974,0.747712201070099
"55",0.955383688717764,1.10370974869635,0.768609789618903,0.600244468173056,1.29354321447155,0.964036748638611,0.647933554979754,0.956475789560752,0.686978855177198,0.555367055096199,0.711893109668491,0.671255980960153
"56",0.697558183642926,0.628779170300643,0.641764570959562,0.710485717833896,2.05131287876524,1.04603801672363,0.908049253238615,1.1072455908458,0.745050059272378,0.818955437418788,0.680274087549091,0.594312002774029
"57",0.748806606529691,0.842636201012608,0.7825037300149,0.866528406403301,2.52750139221502,1.12186558761194,0.807355635765699,1.05918126431919,0.69898070481996,0.73662469094588,0.691838484365572,0.61251769757886
"58",0.992467806755051,1.08852599825633,0.727009008033617,0.704342258108777,2.13389292392301,0.949120686332286,0.715507243919795,0.86439825659126,0.627049548715258,0.759232816931998,0.845901719972191,0.601411618307784
"59",0.562256074210914,0.840340785497794,0.814200320413502,0.649181498776527,1.99001130887236,1.06080164527694,0.924788026095605,0.940990092531941,0.615761217251562,0.782511065763885,0.818716756705082,0.633533017845068
"60",1.32760431880577,0.735619425445079,0.734740248053245,0.797174068212453,1.93345388866003,0.900157753778453,0.795794535827126,1.16333757418608,0.722620813511637,0.722963849233639,0.647240553756176,0.702176347624957
"61",0.862868079550312,0.864712567931264,1.19564377549163,0.718194568487647,1.62636335194387,0.991907184624236,0.74973114322754,1.24951065609987,0.67388751865122,0.68366602674505,0.731406420131187,0.788726774919829
"62",0.758094537291428,0.834648217643318,0.76799175921983,0.85467539008674,1.19636129832812,1.32040533022024,0.761375543619747,1.36183278510476,0.667694652793071,0.815268321102031,0.775529473083869,0.673946261783826
"63",0.804260081414033,0.832233547897092,0.839273878478166,0.707526548322028,2.12214647738174,0.987882756751053,0.922422811338569,0.90210854141289,0.607284229938396,0.725761097639425,0.769620389654656,0.972505051469109
"64",2.04975311021991,0.856403331651958,0.708965706252578,0.754172807628045,1.35048099912198,0.977885607992709,0.892387769629284,1.37033262183541,0.726687212261179,0.653016589978131,0.684046905740502,0.743098911313522
"65",1.66597205667956,0.827903952477454,0.793141092788055,0.870734421925302,1.69755921887581,1.10451157480439,0.703851847146398,0.830377417699211,0.677822213979143,0.759781935527,0.648922241043325,0.696836395383329
"66",1.26174047393358,0.492957906430035,0.814737274678234,0.795944671702863,1.50794435293008,1.31456712956394,0.689744529866437,1.23700221792682,0.678874593304053,0.861722119258331,0.787214577859249,1.00496586359213
"67",1.12152223907167,0.810159433816725,0.567068458531038,0.764499411658947,2.60088583328823,1.04139774506337,0.689875556030936,1.09799013711032,0.768174796123242,0.639058194199378,0.740245495503211,0.705821555045652
"68",0.710455732828817,0.823381229233582,0.800396066063045,0.832175311980794,1.30554319423878,1.30053629020582,0.693220264885273,1.0345079958431,0.562274463719663,0.851666552043343,0.645797407261698,0.689509073480759
"69",0.783000179529269,0.692044385960592,0.641227719476471,0.741669316411475,2.16392227992656,1.26875272085602,0.74065685849998,1.25533297077706,0.749760986815289,0.688593237868588,0.681004293885518,0.756146648596216
"70",1.06740844368845,0.674083664961458,0.776758898334382,0.558260064520933,1.43060126433812,0.996968845266751,0.775075140279601,0.835192471217006,0.588029221101387,0.755651745316052,0.781496858862985,0.892265243360422
"71",2.3867116187154,0.903547884545323,0.863772590960769,0.678275612906504,1.82398848071044,1.1829491612938,0.581280602776511,1.09714389974787,0.875639060819675,0.857879294405869,0.71409514281569,0.667759569654874
"72",2.56588873927314,0.769379165777372,0.855525253061259,0.627126914204673,1.55632119320407,1.00170705041924,0.698226457987846,0.945820052570454,0.537021533077747,0.718220564599091,0.827336497968499,0.741390148800968
"73",0.730314144820151,0.763147726246692,0.71492270200952,0.889380781355954,2.43670407524242,1.00597002151119,0.643833234732814,0.994921830969365,0.671253094331208,0.728826176648796,0.716886531598375,0.990314988109158
"74",0.995456338615803,0.798860685094183,0.810296724011714,0.861198124402088,1.21170414630612,1.39740291204679,0.612452784891856,0.992755939724622,0.724922759042678,0.6907074464775,0.714122946510291,0.649477253810047
"75",0.609172384652205,0.781525261268826,0.754488700565083,0.570605983052084,1.4285299557922,1.07492664550335,0.805135335941772,0.824929692124576,0.544990308107171,0.808402319383036,0.781886456286758,0.70278393706357
"76",1.08671420477213,0.826458144818076,0.582033410600659,0.990350737151285,1.56653369861217,1.01845354213448,0.621445558159598,1.10608615453933,0.73496050296082,0.686206577471219,0.731197708693053,0.607162740317871
"77",0.783643908633097,0.765152878227664,0.779969166139128,0.703812744469279,2.37227978249305,0.868442433249672,0.598665957939793,0.892179082799348,0.677120543490776,0.547376615125621,0.701614425470447,0.799982514732648
"78",0.98908893828555,0.836567648513516,0.870161958702264,0.687046562742429,2.06301959850597,1.11615732137435,0.72260400549311,1.23002965619873,0.672244974003492,0.645856325834657,0.746477930698996,0.647251024987467
"79",1.39181641340568,1.0169670283072,0.713511519620587,0.77248303423287,1.70682955099617,0.911371235985942,0.944399848940891,0.78422696695655,0.649054293937604,0.71810185636436,0.835675258253233,0.62736328934423
"80",0.90845439304178,0.82077963883982,0.708321493405303,0.848294176999972,2.16692167851554,1.20192214759762,0.638852318084252,0.990041471535821,0.868281704969479,0.589887326338618,0.751239108119212,0.749913907009883
"81",1.02395475181494,0.730571681558034,0.852827253497696,0.773724294279371,2.17720471954909,1.36545237416378,0.545924930234,1.24995669435153,0.679290859737925,0.663994556879165,0.722607847869979,0.806082194006628
"82",0.807371353681253,0.824432824545373,0.712888779150415,0.690866299421119,2.02081213440384,1.1922534196904,0.62531834213466,1.03836177803117,0.574214382720269,0.915119688013674,0.757189802246355,0.689084246258082
"83",0.774123921874218,0.799919491609985,0.645375113071099,0.858014061625794,2.03712921753507,1.04565852542241,0.752893833992433,0.98412693197654,0.62014243124406,0.742022124088914,0.913931245888204,0.68417795507173
"84",1.22257874497874,0.507881533239752,0.926183465057972,0.761308211259826,1.67990303787546,0.850774669953898,0.545446729363057,0.915512642204614,0.868890733618176,0.734899053625516,0.777917686988513,0.5093075549825
"85",2.87984224454902,0.641311072457858,0.803196270359701,0.771452260657206,1.5707278104411,1.52556451734133,0.78637960555641,0.963955384383484,0.612396541391775,0.859257518156345,0.729230082436306,0.846612103507362
"86",1.09842330946939,0.747304820609897,0.663929503394334,0.887011858167081,1.32604290653786,1.0307238317137,0.76526784758504,1.28343820776055,0.661121112395109,0.808396787846958,0.673880296920042,0.904588282595451
"87",0.785219861693453,0.637024140333698,0.499556981584611,0.757802248943628,1.43561715703483,0.928817703530073,0.599058707965762,0.707084507645604,0.693291575515517,0.89706006463174,0.700084448296513,0.792187046260651
"88",1.10301853451068,0.949282218132011,0.784988878512991,1.19277047758833,1.79755447559145,1.21824930780738,0.60290501521249,1.04413667234298,0.809848539627678,0.776605544064115,0.843403951431136,0.69557272520992
"89",1.00088137268561,0.892866802727768,0.708383092840161,0.805566790647272,1.89476435206202,1.0955642373502,0.590316332548839,1.02895822263506,0.834387572452297,0.578406140118524,0.518271407130711,0.571420201485252
"90",2.69422867203189,0.744196214184055,0.703925609577902,0.65414188356471,2.24290885406067,1.06138175895974,0.783857795617104,1.33763001597873,0.680292926120129,0.80375688477145,0.620462406424578,0.84654843941594
"91",0.98556800727653,0.935859618566164,0.728860405158602,0.838267815658539,2.23199612545695,1.43386433815702,0.687788840481457,0.846310163594174,0.795904539678005,0.63303828507047,0.658033793052695,0.797999372276131
"92",0.885594920296412,0.763284893347222,0.831722626556309,0.632843574172053,1.85658497493845,1.03403252273817,0.578253691997788,1.28406887243546,0.617079627918478,0.88446870470596,0.600041964587381,0.596704755911131
"93",1.09070088617342,0.663106079489303,0.905009785323378,1.04244130571661,2.3742179024245,0.96779416114208,0.645162791756964,1.00699582133892,1.00198053459292,0.759206984925096,0.579173817982318,0.672422491170626
"94",1.05657696794083,1.00356854249138,0.792754483527967,0.817705528133371,1.419724310157,1.12576185360559,0.920932450511408,1.02936885006795,0.65168031124942,0.766429815032403,0.737852169778128,0.770797566115059
"95",0.624025735956597,0.813663423423068,0.805302435403638,0.83267124248249,2.36340388117845,1.26352597612967,0.653226570598399,0.995548773310696,0.733059884246276,0.921133634295349,0.764015367138233,0.74848003573134
"96",1.03043009369454,0.86663032161958,0.688478427797444,0.803611030721961,1.55246892774723,1.10727001346536,0.801399261628964,0.916559881967748,0.612146619304319,0.690574300876272,0.652295188216197,0.657668961392394
"97",0.849257710224914,0.700001305576235,0.643919562434792,0.621158337166402,2.05575950837403,1.08723044012505,0.698806985643517,1.00385016635291,0.638776388660757,0.731513473482847,0.952512806696056,0.681866873215422
"98",1.07463459885132,0.659003675072631,0.719507899373991,0.754110176565416,1.57567035468638,1.32965548464075,0.676656203958621,1.21132759327147,0.680569564340267,0.684029530654345,0.646353024929283,0.784898650685159
"99",1.00253982220621,0.685432645396811,0.791464333462238,0.747364253477771,1.83068670415712,1.04845339761823,0.845181635760104,0.816848991240691,0.826776677571489,0.741615057282921,0.880851046543658,0.772205900389454
"100",1.58780795622352,0.797770347447729,0.895793484584652,0.700509628670214,0.868336331317711,1.1889792358905,0.529960700440792,1.03140740782376,0.736352610983344,0.761273198035864,0.58589848851162,0.864591230637677
"101",0.866397717985031,0.73795056888855,0.744526490440431,0.517239324662679,1.19455812809126,1.34324025766865,0.884916741477971,1.17533023139977,0.979536104156753,0.770073314435896,0.703216072444013,0.794633832004179
"102",1.27258270848382,0.87296835757999,0.744789631620063,0.719769893131214,2.08513757278248,1.06180542717082,0.693110611135222,1.02530693039842,0.671501732218573,0.530531192721561,0.736427077670761,0.732430465479419
"103",0.892017732246244,0.814430493276699,0.766524208074864,0.653107453894978,2.31391466979047,1.01720191748037,0.636689980456306,1.09037617654915,0.895679396905604,0.698800671133283,0.73396613598103,0.781388113677714
"104",1.18563148632458,0.634757113400114,0.790442878765137,1.05677643784652,1.21439276067921,1.07240604560486,0.6816653016374,1.20542973326961,0.698816372802117,0.67322204345584,0.993886763637405,0.786053950620972
"105",0.943862435353043,0.851668760741575,0.900554495054864,0.718298257285775,1.10207057180602,1.10387534274455,0.743589924600853,1.29666881945117,0.902757952652914,0.680516445130737,0.754976779900803,0.639257748840976
"106",1.89767380270289,0.700059417309229,0.785714340231863,0.797866098258255,2.06985994146412,1.41293938312976,0.637334037349916,0.872192089223512,0.741374077951047,0.742726400324202,0.734167644436392,0.665316488411784
"107",1.1274062646621,0.748764582469473,0.928021671683756,0.731687438842566,2.52741863259004,1.54320676062311,0.725292921641779,1.15420703083498,0.629736282044717,0.761131759369173,0.721759492377085,0.678373874446394
"108",2.31645998131789,0.738301558305887,0.708262829535823,0.655333673777127,1.57646280985742,1.52707495777974,0.813572907818812,0.915115758382088,0.774640485766794,0.657069306074373,0.859941335542021,0.726038380475642
"109",1.82192438788011,0.688405564835011,0.625487448581916,0.880096572090475,1.96661581086954,2.31082629964604,0.979222293374681,0.780355379833022,0.70894381744609,0.755357971911488,0.75274763392537,0.857588189649136
"110",0.873024420575665,0.805919584054667,0.738868124119333,0.5955920178058,1.24720853684928,1.37349764321075,0.657520291360023,1.1268329791855,0.792452239214372,0.75677913663718,0.720391968921854,0.536990122037478
"111",1.15315117645635,0.74782632764032,0.808429943231179,0.841951935231072,1.79170829937192,1.07404157506311,0.611599861923821,0.978760681057864,0.631501395558558,0.681928193132867,0.753752160273995,0.740150487488756
"112",1.32575390203338,0.88497001982513,0.645330458216888,0.881537157030882,2.14066459552732,1.30862758140181,0.699832609724614,0.980569310982391,0.767193071974374,0.753955700755765,0.843959942133009,0.573050203173732
"113",1.02212982592674,0.695021574051531,0.928054860851381,0.680717240862334,1.819480325668,1.16266684335949,0.709371379723993,1.03150107090522,0.85588014952245,0.825455598293723,0.643488871820755,0.731579595750421
"114",0.837393995477764,0.741489632158023,0.730359724136324,0.916444521665082,1.79890572750905,1.1769947611385,0.706947001549949,1.2274381063813,0.596847539363343,0.707651819822542,0.559889541861507,0.797727995755906
"115",0.950112638685215,0.917550834221245,0.605708644671777,1.02855396724923,1.90964610538253,1.19043827107056,0.87509813222251,1.05129801095225,0.709209332164267,0.749541359845992,0.803810594920664,0.639764078611021
"116",0.903964375130514,0.630667056333467,0.936430185340607,0.81644859074248,1.18533618328439,1.04577397217516,0.724998072744575,1.17276278391307,0.818412233479271,0.737870625544046,0.807723506526487,0.871269045136919
"117",0.997673895945421,0.729308585470242,0.746193208256969,0.79500959189126,2.06140569169517,1.13557759076907,0.851293143222106,1.21334110194162,0.778893202022222,0.798357215708669,0.680181330757357,0.793014304411819
"118",0.883363719029555,0.587291191539388,0.73678294306843,0.966065566521826,1.23608984612888,0.929257529949255,0.706621551083242,1.37061737958562,0.6619993400966,0.731647450063723,0.680306327924245,0.620232203490608
"119",0.849989390848933,0.816353767217719,0.869770340560468,0.64728533098029,1.96326620955949,1.07072966320117,0.778277558711306,0.860854380720022,0.910479588898337,0.713358850609285,0.768623754947322,0.704815019790155
"120",0.801726514819679,0.816055037014434,0.665362432112044,0.931701184903196,2.16461626830067,1.32238562591874,0.654950198353418,1.15351591563447,0.727110345082126,0.724072765179505,0.713819573347965,0.544038274367589
"121",0.607654278998259,0.647894837885813,0.563510492676747,0.665631972053043,2.22088838706826,1.32857294688903,0.992152439184682,0.942282674030911,0.574156784317869,0.587061459737364,0.757790952040711,0.781053606313689
"122",1.2116924509176,0.637663675179542,0.929432525501059,0.849357483096127,1.92245158449156,1.01429523368471,0.755476667613452,0.794822877541453,0.82567844266549,0.818668382402954,0.715039154091635,0.831666541870422
"123",0.581165921206761,0.723983337278552,0.96871179257737,0.706974010069066,1.6369075567971,0.853307151457007,0.810885014189385,1.08800369034402,0.829420311825479,0.717967105534525,0.749721510944595,0.648694801888158
"124",1.196747449066,1.00009102641564,0.783977153705095,0.753594905719563,1.41797068080429,1.01971447662785,0.742682609802513,0.924315993661431,0.692753123614283,0.611054428428108,0.774689841493517,0.775732625180604
"125",0.905633182358377,0.731051369379103,0.785825430302677,0.796627500566787,1.42791903565729,1.3548143723922,0.606982026524366,1.03992104688555,0.657297157911298,0.703457411439305,0.683244179523398,0.634865041636747
"126",0.711453059492733,0.921015022358247,0.801392651032937,0.71750468964597,0.915623284942859,1.26557654786064,0.723141937475436,0.988388351379037,0.906954312066265,0.494915659491375,0.746450215770934,0.745229917673286
"127",0.789522960403763,0.641952990593928,0.630253183434157,0.862477319203501,1.9508080134114,1.35154797191559,0.83423824678342,1.01968888945078,0.661020357774257,0.689714961052565,0.852652866518315,1.15105295559823
"128",1.01644679901105,0.768123588358591,0.859788202852034,0.811804856413299,1.63560074436612,1.06584007979642,0.58608876994933,0.866419298748618,0.612281552640544,0.705622885736276,0.859300298937972,0.76828155704205
"129",0.863849768003724,0.817291942987506,0.70316370895329,0.863029021272517,2.21908682656088,0.994094023222322,0.745328490822605,1.16059365411895,0.748997706927039,0.651522106338731,0.638789597095088,0.798317964384225
"130",0.877346309442378,0.686815635116758,0.671182011405225,0.6791193118831,1.76612320374189,0.871072091196897,0.9911345568867,1.00357846932844,0.709679998220703,0.656292504625856,0.854489356450368,0.638745116632522
"131",0.775260601455347,0.648455483311563,0.778924853815828,0.864846128175256,1.74141796678109,1.00277235008621,0.680694187105356,0.768610919227827,0.991008571033753,0.738882842096743,0.808169252334951,0.812437637988734
"132",1.14026797425552,0.856078511529055,0.853377192270388,0.902562517695876,1.6739095575075,0.968496191347265,0.824608500937223,0.95724052574202,0.766021291792758,0.848284785703459,0.790214393917153,0.785650584191778
"133",0.892331294561012,0.667929999720269,0.835149444824686,0.68484799740312,2.11329364362298,1.31101840319154,0.710612341636273,1.10680270340375,0.731993195338308,0.801870265083352,0.650750231787001,0.812511810565926
"134",2.52575993031043,0.684843002838857,0.673587065128952,1.12989102529787,2.02334274824403,1.14349911685446,0.563939220076737,1.12676925780835,0.708582011758823,0.806004535753413,0.780928380621694,0.927509110270532
"135",0.866763081065739,0.747815720626488,0.839352416639538,0.749841366150284,1.04116969929577,1.20084814171848,0.795114036452967,0.932306487590331,0.768849546488859,0.723631353214267,0.922047967596319,0.573007853798401
"136",1.03412401276955,0.711934606407406,0.610968112785244,0.990860990879571,1.87459835839848,1.02849134972279,0.650124336120744,1.15235822425244,0.703413669412077,0.669414380841672,0.716327043366362,0.658691255899175
"137",0.880196717324475,0.644680000476218,0.713566402109196,0.599093923052562,1.25162412170469,1.18912386391615,0.803118941504786,0.784579073397406,0.781367958760534,0.647148114308104,0.672990891903827,0.657024992875989
"138",0.93273429687973,0.66050786942022,0.859627124848875,0.822139513343221,2.29631132991341,1.08795580244132,0.960368394827367,1.04704464658763,0.832453510585296,0.526623281703062,0.718458626553253,0.545768181174168
"139",0.627723295071271,0.884917816490015,0.85933032127918,0.826513351912417,2.43136473911561,1.00246787937279,0.830722844750173,0.882717798173758,0.700898144028739,0.743331185436819,0.570937649202334,0.786640125201206
"140",0.76377881417894,0.642225064440913,0.855246046075869,0.82669876068451,2.04523243953791,0.962799150235708,0.67487509771721,1.25052435106746,0.668825355956474,0.698512010892837,0.619057393200414,0.719058176145438
"141",0.846705040210338,0.726653929995212,0.711141397612137,0.768118214590694,1.85416163575679,0.980240681786162,0.753051043437224,0.949536028072222,0.732453406180277,0.83874951631142,0.768565988993349,0.889348845434128
"142",0.662297166112107,0.671254405480721,0.915112207131663,0.900492739318972,2.0119001873996,0.894261693515651,0.794971051552636,1.12314196226305,0.727614688092406,0.534666612685143,0.766448091656672,0.768311433636366
"143",0.92498407718859,0.920001948027329,0.677352576759893,0.893081791921136,2.06630314275665,1.38108033821149,0.527320704770847,1.13388721507478,0.722834202610717,0.68829451768953,0.674562180963597,0.723758354198716
"144",2.27225021415716,0.9869738109986,0.716694732706062,0.840414335337593,1.58197862787725,0.927968502500134,0.903126161481164,1.1567190669112,0.749225829793871,0.836767094602689,0.717872389085867,0.804935262238888
"145",1.06584915039183,1.01638045580988,0.685990094688016,0.703344931592495,2.13345181244102,1.2268197097685,0.852239919190518,0.948132996531663,0.67211264227023,0.705176149038644,0.683154222706579,0.647897027060279
"146",0.820353972303072,1.12807613086692,0.900520400224798,0.806188341321012,1.56666963907858,0.881915593329573,0.912260625753894,1.08072256743645,0.830288585670484,0.893503503447017,0.744656292586876,0.530367500923254
"147",1.85212875031162,0.576893079991807,0.624426500692439,0.756309066565603,1.61398271785478,1.25921126779282,0.634509884195642,1.17538204458346,0.798360480980397,0.707457200686667,0.721528195342186,0.675706972503788
"148",0.807058730269449,0.905098054788096,0.624028353884368,0.818103627886233,2.19431744357464,1.02103327686515,0.6619154778518,1.01558808852878,0.897174161907629,0.817547970747099,0.838965232125381,0.578975133476747
"149",0.977868507254286,0.83981604841646,0.671624699229675,0.597950254247862,1.8593122223511,0.965848154081469,0.837054677710235,1.1486634175472,0.83704372549814,0.714334001343624,0.616000497317338,0.715420628913001
"150",0.873292555208571,0.762562076770487,0.654796703217406,0.825672895020292,1.68526385897722,1.09378426030364,0.811432417006346,1.0186119610229,0.774859559373541,0.614067130166238,0.801210236818103,0.843568016156433
"151",0.942348816805401,0.657684946353816,0.679674281105952,0.980138011630103,2.09547312745149,1.26071330109218,0.687063974066405,0.87046386597722,0.553612426837544,0.683183306447091,0.627761706264639,0.871710817050955
"152",0.97312295386289,0.926559462426611,0.842757662073995,1.1150379743659,2.14283883998379,0.895702913287187,0.649112533137869,1.15942660889264,0.73816641204364,0.6712171428551,0.753069777091011,0.745730172689271
"153",0.928564999079319,0.912660280781,0.828843771084554,0.663818721670228,2.0046070765424,1.15254762491341,0.787620123236502,0.926901308459555,0.739116635017763,0.65048706410294,0.673305578991995,0.768708166225654
"154",1.00679846488479,0.752666559948684,0.750400151943406,0.795266882053011,1.54436244400711,1.08798813077557,0.687736117549892,1.1582146682881,0.592956716986355,0.612680243723897,0.695489120304286,0.803765107833858
"155",0.992343674018621,0.685068964173485,0.789877175846754,0.773268644121453,1.13312933251264,0.963300285430482,0.740519389995755,1.20150941440714,0.600171262344337,0.805868934163775,0.638664828980095,0.828140416842386
"156",0.959259865216428,0.945497769161757,0.672491024488514,0.979635331970872,2.20704480596462,1.0625350545832,0.745261603314094,0.998945550558491,0.617090353390733,0.691786528119479,0.585600894955771,0.648659332142788
"157",2.10628799401422,0.766364355544793,1.01476444927935,0.693656256673832,1.85354633527607,1.02817423814695,0.954168358559876,1.22849520610803,0.6683627369596,0.549062707801777,0.820969622923383,0.772284043054289
"158",0.900473419531515,0.72909752787961,0.827562722617415,0.7338530563725,1.81170741148782,0.903213694680191,0.745283089026454,1.29237641062424,0.66098320845564,0.65965771023481,0.927358806086102,0.947422073292804
"159",0.829412431363048,0.850264720175482,0.815382384709808,0.626946745236572,1.0276846719714,1.31052196800193,0.88473586884616,1.17080719755974,0.700770451409717,0.648716002237061,0.745287227527476,0.923367628067801
"160",0.66490308420911,0.766095738038499,0.679145110578647,0.567496490929676,2.01840426518858,1.11198370564293,1.00811515120507,1.02402979020437,0.700678320763237,0.720045259889214,0.805668105664946,0.55687459961515
"161",0.929818425178404,0.907551824591315,0.685754257861364,0.744428160937372,2.1781305186534,1.15808191704559,0.706302742324038,0.844190073839142,0.570658390917076,0.683334227249845,0.86085095534831,0.61284587131792
"162",1.11619021848207,1.11775518206947,0.960674876378627,0.809357193167829,1.89640937707661,0.833665004118486,0.759464803804116,0.824263440026423,1.00316322429831,0.621190925710245,0.771177039654396,0.903121062259395
"163",0.61366096272171,0.689591237230239,0.72415672069931,0.830102704229933,1.75530624900821,1.53383047577032,0.843860898467734,0.775059923839048,0.704398324406046,0.875164189819217,0.600329864294758,0.633133202815597
"164",1.25884178062148,0.628414279222242,0.817932273902476,0.742371445588698,2.1720280468641,0.829479044531301,0.750317260775276,1.16350494104189,0.754416642519882,0.525856588245435,0.622927362708378,0.592877742978217
"165",0.830535657011126,0.902675701715363,0.790878813485094,0.819092461590123,1.20111803955729,1.60862280465671,0.790353312177377,0.949255724101763,0.747694289525765,0.778780696584911,0.823224735057948,0.597940243130077
"166",0.899005820044927,0.919100219837463,0.680149060512354,0.906199481440212,1.8638805449404,0.978032766394939,0.784642213897955,0.937923188226754,0.696522717083796,0.707415530294709,0.638054323377331,0.939717382070906
"167",1.03007938589509,0.6007361599292,0.716206605760541,1.12117256820873,2.57749276821514,1.0862636415082,0.856983306134375,1.28815596182244,0.756891952771901,0.859618879880108,0.85780800195744,0.584659450724232
"168",0.753494632860817,0.659232639885888,0.67484286155494,0.947395423256056,1.10648739970395,1.18177802783619,0.85932855978984,1.33444846881052,0.759535991929908,0.57369942178265,0.579239985227968,0.755745107789213
"169",0.993580662521314,0.804698972725092,0.497872099346902,0.823654817985673,1.9595880506632,0.997740391152063,0.780956619201143,1.15641695448613,0.81665723394384,0.707907990002434,0.81210870185423,0.593047684150657
"170",0.808374268565275,0.932820244570741,0.893454359647742,0.872561495576046,1.42079315088273,0.941151179440212,0.903276867193209,0.977521981255346,0.685109535185804,0.828803224859092,0.67127096359348,0.720715436412256
"171",0.77954942679017,0.965604227167378,0.731117286112517,0.871666773348532,1.74958485195741,1.08011543929133,0.754356881410456,0.893061510093456,0.656484995367653,0.774349900985819,0.644532930988301,0.730060443813913
"172",1.59770591129816,0.630852883455358,0.572360465779767,0.793472652262148,1.18469118589343,0.962875418173008,0.699942823041374,1.11039158182317,0.695877230093728,0.633168655717693,0.818602787885031,0.938310239995855
"173",0.840510014103549,0.665224245248407,0.549233110067486,0.782070536672832,1.85955283965293,1.19957472766978,0.833365707338623,0.941982360372194,0.820869852980607,0.595194706320636,0.747920392021188,0.630794282336602
"174",0.925978546964692,0.605156550466389,0.596109651670244,0.845689247773357,2.32981111829317,0.905998956434543,0.799061409835798,1.13394191896225,0.684070638961093,0.959288482447856,0.751496944666847,0.741816084123983
"175",1.3292183051981,0.713648963628898,0.640137713263167,0.836644597196954,1.57508006900218,0.869663250201469,0.55362495731288,1.23108053837573,0.810530096295696,0.624935162503865,0.697718512251802,0.668189480735828
"176",0.969270123032576,0.77990252628907,0.668258397421503,0.712475629744945,2.08569295988352,1.16029932149726,0.745104383105117,1.15166530227101,0.759556423316432,0.600160841824745,0.773549335601038,0.794033241043821
"177",1.96172025956954,0.817959815473825,0.788057886323961,0.877575171452219,1.58503092141977,1.17905555253601,0.89504355532178,1.13011031172684,0.866026921491289,0.754411962781613,0.701419511816529,0.778007610030731
"178",0.754219149454777,0.84900696274747,0.677025393461598,0.736543934091717,2.29799460819165,1.29514894022349,0.781016793157733,0.973645039206083,0.758536386074868,0.668971618202206,0.611028619680734,0.682028658749243
"179",0.795842665953914,0.862210972502397,0.920262757835145,0.638313878709371,2.2015490441829,1.21505296407483,0.637806115958935,0.821597164254044,0.692344692746441,0.719549766480656,0.563952897224382,0.857990214705881
"180",0.813108734749668,0.844556575485295,0.821948986282858,0.849293315412096,2.30421409753948,1.48774141435105,0.835544744036342,1.17515012015033,0.759261739013458,0.728869219810034,0.69765153937298,0.771871090263271
"181",0.895317074979905,0.685019008045641,0.704569169988257,0.874818179763115,1.91174101979529,1.12904975320712,0.779662862962075,1.48237423105413,0.836406817568916,0.666154872257469,1.01437917342755,0.687062628826506
"182",0.962126889789935,0.670785056438287,0.71589319944613,1.0358634417705,1.88087414832775,1.42189810896464,0.591080974461967,1.05714301679218,0.639488299543601,0.752807383150952,0.789792572214499,0.652720046465314
"183",0.77423036737027,0.913613550953307,0.85826136360588,0.907025398374045,1.23866974393596,1.09974186987391,0.753300493065946,0.948782533237535,0.762471036068796,0.843076188936674,0.667927170164531,0.656328182915336
"184",1.76184887523811,0.705033743060814,0.636272647103515,1.05654696405082,1.05307006260769,0.994254307226955,0.620171679890514,1.0701161005177,0.541949185970852,0.719339549296098,0.790974633315847,0.759985864286314
"185",1.30992647508134,0.713682086526916,0.847232588698495,0.88021294226988,1.61468740623631,1.31303496407219,0.634439876711296,1.14102033016444,0.648437633365676,0.693917920104384,0.643025134354891,0.577681688986077
"186",1.01350919571843,0.690830817716061,0.824749835607492,0.726932123580974,2.21294789055275,0.914745751805801,0.964331781488149,1.02875438714696,0.733612766782649,0.764412529263583,0.691696542026987,0.793919109769549
"187",0.829076726133677,0.73896619604999,0.820949901015038,0.969922627340442,2.01831095102694,0.948570234642537,0.889786396554598,1.19576233200856,0.740042182238943,0.637754319559451,0.706471992033808,0.641993199989251
"188",0.923096482329723,0.821081213247088,0.780274233321316,0.775312100766283,1.86408518898818,1.39167014390778,0.819133040997139,0.848660554570126,0.763334031644665,0.620041116636496,0.695741122658885,0.649306402992083
"189",1.01043542213126,0.670934738159213,0.618007655087152,0.645851676170954,1.92128200879066,1.41484080929855,0.73621350002589,1.05768216798455,0.667555628287972,0.689857238671445,0.703847887069765,0.771196663911572
"190",0.960410751651799,0.853690683600433,0.743173332889029,0.673426411764827,2.51217970215872,1.07244127373742,0.733134287788477,0.981313248444935,0.884473463480613,0.580349115600304,0.800822618725301,0.810265818037134
"191",1.01538675110298,0.696632316295024,0.71833986449224,1.04021766922459,1.98599426485112,1.01536041195389,0.620664926620996,1.01483688234707,0.683555352887102,0.761583115014018,0.522910595767289,0.745213769170542
"192",1.14133528768281,0.94629657543463,0.763537059236954,0.939475487340537,2.05670479635371,0.991695089248183,0.795775163632509,1.19639294843543,0.72183296077826,0.694333331537881,0.703468767270133,0.778668777927891
"193",2.10101756673245,0.827495970403299,0.910241788906582,0.728050945554232,1.87182278594191,1.20901960301004,0.88012878873646,1.34359845471225,0.727822018987731,0.789595189460751,0.580173491230136,0.655511557906829
"194",0.779889449738588,0.692812249044725,0.741520696535211,0.73407102572357,1.82684914461922,1.17036497814885,0.80714461402206,0.975833792368249,0.635010123496795,0.889299311690762,0.702527966160735,0.800787172679155
"195",1.43631897870394,0.76897061833688,0.894766185157195,0.972149340089542,1.84426385678303,0.830248565651741,0.635607475151752,0.980613765766389,0.830759484647301,0.618008626346231,0.665326289711562,0.706981794929131
"196",1.06571490612744,0.859506404066476,0.600776292397374,0.707102890414981,1.06764468622846,1.21138094284248,0.752696803687455,1.27641140725706,0.715278820982996,0.70374140348982,0.632491784021888,0.697389407308761
"197",0.839507238829458,0.815024299049171,0.749178351014925,0.990314479764551,2.12639628194425,1.11036550271296,0.851184130191031,0.908614406590232,0.747188893368407,0.850624041564007,0.817625012204361,0.696955046213606
"198",1.23528629987253,0.800722381447634,0.812785004083423,0.58419612073325,1.15563554288702,0.932949453269168,0.963506160518243,1.07043421428039,0.655337768142133,0.747813721620679,0.705265865230959,0.788560298717227
"199",0.930377129355263,0.70691685346492,0.722017093583005,0.723404395543879,2.01530450158221,1.30127908697907,0.905320053585617,1.15018480243836,0.822652117227847,1.00233351250475,0.649573990005659,0.634691987597881
"200",0.645867570145433,0.802387485535257,0.723503011616426,0.832882955610462,1.61312952456789,1.07781964109296,0.731987984824334,1.17880361693918,0.936491353294475,1.07407878316448,0.884788503272078,0.889001407276715
